id,firstname,lastname,date_of_birth,gender,ethnicity_code
4,Cody,Green,2005-11-10,Male,N
5,Cassidy,Dixon,1964-01-11,Female,D
6,Matthew,Sullivan,1991-01-11,Male,K
7,Lisa,Bowers,1981-09-07,Female,H
9,Kevin,Woods,1962-12-30,Male,C
10,Teresa,Silva,1962-09-12,Female,C
11,Shannon,Odonnell,1999-04-02,Female,M
12,Susan,Wagner,1961-10-07,Female,C
13,Anthony,Campbell,1958-03-24,Male,B
14,Stephanie,Campos,1987-09-02,Female,J
16,Matthew,King,1995-03-24,Male,L
17,Tara,Browning,2006-06-02,Female,N
18,Wayne,Mcgrath,1969-11-12,Non-binary,E
19,Jennifer,Patrick,1971-04-21,Female,E
20,Evelyn,Barrera,1982-01-17,Female,H
22,Tammy,Blair,2003-08-31,Female,N
24,Michelle,Sutton,1990-03-16,Female,K
25,Gerald,Kennedy,1991-06-15,Male,K
27,William,Hamilton,1964-03-15,Male,D
31,Lee,Woods,2006-01-24,Male,N
32,Erin,Grimes,1961-08-11,Female,C
33,Steven,Green,1999-06-03,Male,M
35,Regina,Dunn,1992-02-08,Female,K
36,Christopher,Smith,1976-12-24,Male,G
38,David,Ross,1991-12-24,Male,K
39,Michelle,Summers,1980-10-08,Female,G
40,Lisa,Barnett,1995-11-28,Female,L
42,Caitlin,Snyder,1967-01-25,Female,D
43,Tammy,Dillon,1951-03-05,Female,A
44,Ralph,Sanchez,1989-07-20,Male,J
46,Robin,Harrell,2000-11-06,Female,M
47,Raymond,Lee,1997-02-28,Male,L
48,Ashley,Bradley,1996-12-05,Female,L
49,Raymond,Allen,1987-02-24,Male,J
50,Sara,Ponce,2004-08-20,Female,N
51,Nicole,Pratt,1968-08-17,Female,E
53,Michael,Miller,1970-07-08,Male,E
56,Deborah,Cantu,1955-10-29,Female,B
57,Richard,Rodriguez,1983-07-03,Male,H
58,Madison,Arnold,2005-08-13,Female,N
59,Katrina,Mann,1983-08-12,Female,H
60,Kimberly,Kelley,1988-01-15,Female,J
62,Amanda,Fernandez,2002-09-12,Female,M
64,Patricia,Morrison,1962-04-18,Female,C
67,Janice,Carlson,1997-06-12,Female,L
69,Stacey,Johnston,1968-11-20,Female,E
72,Bradley,Lopez,1995-07-29,Male,L
73,Jenna,Salazar,1956-10-10,Female,B
74,Lauren,Douglas,1952-04-02,Female,A
75,William,Alvarez,1950-10-27,Male,A
76,Anthony,Davis,1968-09-23,Male,E
78,Tamara,Mcdowell,1978-11-25,Female,G
80,Linda,Kirby,1996-10-07,Female,L
81,Jennifer,Villanueva,1979-02-05,Female,G
83,Michele,Fernandez,1952-11-14,Female,A
84,Jason,Myers,1984-10-12,Male,H
86,Tyler,Hill,1959-06-25,Male,C
87,Victoria,Cain,2003-02-09,Female,N
88,Amy,Atkinson,1974-07-12,Female,F
89,Sara,Jacobson,1951-10-26,Female,A
90,Sherry,Lawrence,1985-05-30,Female,J
91,Brianna,Herring,1988-12-30,Female,J
92,Teresa,Riley,1953-02-09,Female,A
93,Cameron,Hayes,1992-04-20,Male,K
94,Christine,Keller,1975-12-21,Female,F
95,Stephanie,Davies,1950-05-03,Non-binary,A
96,Sandra,Stark,1964-04-05,Female,D
97,Laura,Leon,1958-04-14,Female,B
98,Dwayne,Miller,1990-05-31,Male,K
99,Dawn,Salazar,1953-03-23,Female,A
103,Anthony,Sanchez,1973-07-13,Male,F
107,Dominique,Norton,1970-07-25,Female,E
108,Raymond,Cook,2000-02-24,Male,M
109,Sandra,Cabrera,1994-07-11,Female,L
110,Jordan,Garcia,1980-03-19,Male,G
111,Todd,Thomas,1972-11-18,Male,F
112,Ashley,Wolfe,1954-06-22,Female,B
113,Gary,Williams,1959-05-17,Male,C
114,Natalie,Berry,1960-01-06,Female,C
115,Erica,Kent,1985-12-12,Female,J
116,Brianna,Ferguson,1997-12-24,Female,L
118,Arthur,Johnson,1953-06-29,Male,A
120,Dawn,Obrien,1953-04-01,Female,A
121,Evelyn,Johnston,1991-06-26,Female,K
122,John,Myers,2005-08-16,Male,N
123,Joseph,Wood,1997-03-08,Male,L
125,Ethan,Johnson,1975-10-07,Male,F
126,James,Smith,1993-10-17,Male,K
127,Jennifer,Woodward,1956-03-10,Female,B
128,John,Lopez,1991-11-05,Male,K
130,Benjamin,Clark,1965-01-26,Male,D
131,Colleen,Owen,1969-07-04,Female,E
132,Maria,Giles,2002-05-10,Female,M
133,Ronald,Johnson,1968-12-23,Male,E
134,Jorge,Coleman,1969-05-18,Male,E
137,Christopher,Walker,1961-08-08,Male,C
139,Keith,Bell,1991-04-26,Male,K
140,Matthew,White,1952-11-19,Male,A
141,Kelly,Gordon,1993-10-07,Female,K
142,Keith,Williams,1997-12-15,Male,L
143,Harold,Garcia,1952-07-11,Male,A
144,Elizabeth,Mcneil,2006-08-21,Non-binary,N
146,James,Howard,1955-05-11,Male,B
147,Robin,Dennis,1998-06-20,Female,M
148,Natasha,Massey,1984-02-16,Female,H
149,Summer,Sellers,1967-11-05,Female,E
150,John,Jackson,1984-04-14,Male,H
151,Haley,Chambers,1961-11-30,Female,C
152,Paula,Levy,1974-12-10,Female,F
153,Andrew,Brown,1998-12-23,Male,M
154,Janet,Lowe,1985-08-14,Female,J
155,Vanessa,Bruce,1991-07-22,Female,K
156,Gordon,Peterson,1990-08-16,Male,K
158,Danielle,Carlson,1975-09-02,Female,F
160,Brian,Thompson,1955-12-24,Male,B
161,Jeffrey,Ruiz,1981-12-21,Male,H
162,Malik,Ortiz,1976-05-03,Male,F
163,Kimberly,Carroll,1983-10-04,Female,H
165,Brian,Collins,1988-04-20,Male,J
168,Tommy,King,1958-11-19,Male,C
169,Catherine,Castro,1973-09-08,Female,F
170,Derrick,Smith,1951-09-13,Male,A
171,Karen,Harmon,2004-11-05,Female,N
172,Thomas,Rogers,1951-06-09,Male,A
174,Aaron,Campbell,1964-06-14,Male,D
175,Matthew,Allen,1980-12-07,Male,H
176,Cynthia,Benton,1954-08-21,Female,B
177,Matthew,Bell,1973-04-07,Male,F
178,Patrick,Roberts,1979-02-12,Male,G
179,Stephen,Howard,1953-11-27,Male,A
181,Sarah,Schultz,2003-03-05,Female,N
182,Rachel,Oliver,1976-10-01,Female,G
184,Andrew,Hughes,1955-10-15,Male,B
185,Parker,Perry,1954-01-14,Male,A
186,Kelly,Curtis,1976-07-14,Female,G
188,Christopher,Lee,2006-07-19,Male,N
189,James,Cook,2000-04-03,Male,M
190,Dwayne,Allen,1992-01-24,Male,K
192,John,Gray,1980-10-24,Male,H
193,Susan,Hutchinson,1952-04-17,Female,A
195,Zachary,Perry,1964-03-28,Male,D
196,Kyle,Morales,1978-12-23,Male,G
197,Vanessa,Miles,1976-09-24,Female,G
198,Christopher,Barnes,1959-03-23,Male,C
199,Jessica,Bates,1976-03-22,Female,F
200,Kenneth,Williams,1963-03-28,Male,D
201,William,Griffin,1996-01-18,Male,L
202,Keith,Green,1998-11-05,Male,M
203,Sean,Moore,1951-01-08,Male,A
204,Lori,Rose,1984-02-14,Female,H
205,Jose,Freeman,1991-06-01,Male,K
207,Jackie,Campos,1987-01-29,Female,J
208,Elizabeth,Henson,1956-01-06,Female,B
209,Christine,Simpson,1953-11-13,Female,A
213,Stacey,Golden,1969-08-08,Female,E
214,Terri,Burnett,1998-06-09,Female,M
215,David,Lopez,1957-02-26,Male,B
217,Madeline,Schultz,1974-12-09,Female,F
219,Briana,Swanson,1985-03-27,Female,J
220,Kathleen,Hatfield,1952-06-21,Non-binary,A
222,Kimberly,Gregory,1996-10-04,Female,L
223,Michael,Stewart,1971-06-17,Male,E
224,Brian,Lewis,1952-10-01,Male,A
225,Tammy,Love,1978-02-27,Female,G
226,John,Smith,1961-09-22,Male,C
227,Melissa,Carson,1990-12-26,Female,K
228,Lindsay,Rice,1960-12-24,Female,C
229,Larry,Davis,1963-01-20,Male,C
231,Ann,Banks,1997-11-06,Female,L
232,Kathleen,Russo,1968-02-18,Female,E
234,Jean,Good,1996-09-11,Female,L
236,Heather,Nash,1986-02-05,Female,J
238,Nicholas,Miller,2000-09-17,Male,M
239,Andrew,Hill,1953-04-20,Male,A
240,Tyler,Chavez,1967-12-18,Male,E
241,Lindsey,Sparks,1971-01-18,Female,E
242,Carla,Callahan,1962-09-16,Female,C
243,Justin,Anderson,1967-10-21,Male,E
244,Angela,Meyer,1966-11-24,Female,D
246,Michael,Reed,1984-08-08,Male,H
248,Ernest,Ramirez,1960-04-25,Male,C
249,Michael,Smith,1992-03-24,Male,K
250,Timothy,Williams,1951-01-03,Male,A
252,Janice,Grant,1950-06-03,Female,A
253,Sharon,Potts,1979-02-23,Female,G
256,William,Williams,1951-06-17,Male,A
258,Lisa,Miles,1988-02-17,Female,J
259,Kristin,Rios,1952-11-08,Female,A
261,Stephanie,Orr,1958-05-14,Female,B
262,Sarah,Bowman,1995-09-16,Female,L
264,Connie,Medina,2000-05-08,Female,M
265,Michael,Clark,1978-05-25,Male,G
266,Molly,Matthews,1951-12-23,Female,A
267,Zachary,Smith,1982-08-11,Male,H
269,Brandon,Cook,1974-11-20,Male,F
270,Wanda,Clarke,1968-07-14,Female,E
271,Sarah,Higgins,1960-04-21,Female,C
272,Kevin,Morgan,1988-02-21,Male,J
273,Erin,Oliver,1989-11-13,Female,K
274,Nicholas,Williams,1955-06-18,Male,B
275,Kyle,Martin,1980-06-24,Male,G
276,Cody,Holden,1999-03-28,Non-binary,M
278,Alejandro,Foster,1982-04-04,Male,H
279,Rachel,Kelley,1982-08-05,Female,H
280,Rodney,Carter,1985-03-20,Male,J
281,Nicholas,Woods,1966-10-27,Male,D
282,Brandon,Allen,1979-07-07,Male,G
283,Kevin,Williams,1998-03-27,Male,L
284,James,White,1979-09-06,Male,G
285,Betty,Mills,1993-06-16,Female,K
289,Joseph,Perry,1977-10-16,Male,G
290,Sean,Garcia,1951-08-17,Male,A
291,Christina,Kerr,1995-09-20,Female,L
292,Edward,Wells,1985-06-22,Male,J
293,Susan,Randall,1967-09-20,Female,E
294,Leslie,Cherry,1953-01-05,Female,A
295,Darrell,Cooper,1974-01-14,Male,F
298,Jon,Simmons,1957-12-22,Male,B
300,Morgan,Navarro,1953-08-23,Female,A
301,Denise,Kline,2003-05-02,Female,N
302,Angela,Gillespie,1952-01-02,Female,A
303,Stephanie,Sims,1981-06-22,Female,H
305,Valerie,Villegas,1979-05-21,Female,G
307,Seth,Jones,2003-04-24,Male,N
308,Alan,Miller,1995-03-01,Male,L
309,Kimberly,Brady,1962-01-23,Female,C
310,John,Brown,1975-06-15,Male,F
311,Cameron,Smith,1980-09-23,Male,G
312,Robert,Long,1994-02-12,Male,L
314,Steven,West,1971-03-17,Male,E
315,Michael,Burns,1987-08-23,Male,J
317,Sharon,Shelton,1975-10-27,Female,F
318,Ricky,Henderson,1996-12-27,Male,L
320,Adam,Hinton,1997-02-10,Non-binary,L
321,Charles,Green,2006-04-27,Male,N
322,Christine,Waters,1964-08-17,Female,D
324,Aaron,Howard,1963-03-23,Male,D
325,Cameron,Brown,1993-08-18,Male,K
326,Karina,Boyer,1972-02-17,Female,F
327,Amanda,Miles,1997-06-04,Female,L
328,Emma,Leach,1971-10-05,Female,E
329,Daniel,Hayes,1982-03-26,Male,H
330,Carrie,Rhodes,2000-12-30,Female,M
331,Eugene,Wilson,1970-02-11,Male,E
332,Stanley,Sanders,2004-05-29,Male,N
333,David,Clark,1975-12-06,Male,F
334,Matthew,Williams,1959-11-18,Male,C
335,Morgan,Gould,1995-10-31,Female,L
336,Michael,Lewis,1962-05-23,Male,C
337,Colin,Thomas,1982-03-09,Male,H
338,Gregory,Gonzalez,1979-10-13,Male,G
339,Dillon,Gray,1955-09-11,Male,B
340,Kimberly,Payne,2003-02-17,Female,N
341,Wayne,Hernandez,2000-11-21,Male,M
343,Andrea,Bird,1990-09-25,Non-binary,K
344,Austin,Hernandez,1991-05-29,Male,K
345,James,Sullivan,1962-08-26,Male,C
346,Tiffany,Frazier,1965-07-05,Female,D
347,Susan,Rich,1967-01-23,Female,D
348,Anna,Simpson,1989-04-07,Female,J
350,Mike,Morris,1976-09-07,Male,G
352,Julia,Jimenez,2005-01-02,Female,N
353,Jenny,Santiago,2003-07-22,Female,N
354,Steven,Harris,1975-01-20,Male,F
355,Kimberly,Lynch,1958-11-09,Female,C
358,Andrea,Estes,1980-07-24,Female,G
361,Jose,Johnson,1975-08-08,Male,F
362,Gregory,Hernandez,1987-06-29,Male,J
363,Scott,Scott,1974-10-20,Male,F
364,Nancy,Mueller,2001-12-18,Female,M
367,Michelle,Robbins,2005-08-06,Female,N
368,Kimberly,Roman,1972-10-25,Female,F
371,Lisa,Melton,1975-11-26,Female,F
373,Kenneth,Perez,1988-03-28,Male,J
377,Brandon,Rivera,2001-02-01,Male,M
378,Joseph,Martin,1961-07-06,Male,C
379,Bryan,Hernandez,1950-05-15,Male,A
380,Megan,Douglas,1994-07-06,Female,L
381,Nicole,Schmitt,2002-08-29,Female,M
383,Christina,Santana,1988-08-27,Female,J
384,Cynthia,Shaw,2002-02-02,Female,M
385,Linda,Berry,1998-05-23,Female,M
386,Jennifer,Gregory,1965-04-26,Female,D
387,Stacy,Trujillo,1998-02-28,Female,L
389,Alicia,Mooney,1958-04-24,Non-binary,B
390,Colleen,Burgess,2001-06-20,Female,M
391,Ann,Bullock,1995-12-02,Female,L
392,Tim,Harris,1978-02-04,Male,G
394,Bianca,George,1950-10-14,Female,A
397,Margaret,Gibbs,1985-12-07,Female,J
398,Jeffrey,Price,1958-01-31,Male,B
399,Jennifer,Willis,1983-11-01,Female,H
400,Margaret,York,1993-09-03,Female,K
401,Deborah,Yates,1968-12-23,Female,E
402,Rebecca,Sandoval,1986-05-15,Female,J
405,Alyssa,Hunter,1991-12-26,Female,K
407,Randy,Jones,1955-10-29,Male,B
410,William,Turner,1962-07-23,Male,C
414,Adriana,Davidson,1988-08-27,Female,J
415,David,Anderson,1995-06-20,Male,L
416,John,Mitchell,1965-07-22,Male,D
417,Lindsey,Greer,2002-12-07,Female,N
418,Russell,Brown,1980-04-10,Male,G
419,Dylan,Johnson,1951-08-01,Male,A
420,Gary,Butler,1960-01-14,Male,C
421,Michelle,Vasquez,1979-01-08,Female,G
423,Michelle,Love,1992-03-25,Female,K
426,David,Hatfield,1956-06-27,Non-binary,B
427,Jon,Jenkins,1993-12-20,Male,K
428,Lisa,Carr,1975-01-03,Female,F
429,Matthew,Hughes,1987-11-19,Male,J
430,David,Williams,1984-01-19,Male,H
431,Chad,Ruiz,1985-11-16,Male,J
432,Thomas,Hernandez,1957-08-11,Male,B
434,Alicia,Williamson,1986-08-25,Female,J
435,Diane,Soto,1998-03-19,Female,L
436,Joseph,Garcia,1985-05-02,Male,J
437,Madeline,Dunn,1963-07-14,Female,D
438,Patrick,Reed,1990-06-10,Male,K
439,Charles,Reyes,1961-12-04,Male,C
442,Misty,Ibarra,1960-09-26,Female,C
443,Heather,Bishop,1955-02-23,Female,B
444,Robert,Mcdonald,1955-02-13,Male,B
445,Cheryl,Chen,1979-05-25,Female,G
447,Joseph,Martinez,1991-07-28,Male,K
448,Jessica,Fleming,1969-11-06,Female,E
449,Molly,Howell,1967-03-02,Female,D
450,Jamie,Kramer,1958-04-16,Female,B
451,Andrew,Martinez,1960-07-18,Male,C
453,Donna,Lloyd,1960-05-12,Female,C
456,Sandra,Becker,1960-03-24,Female,C
457,Katherine,Patrick,1991-10-07,Female,K
458,Brittney,Stone,1950-07-12,Female,A
460,Kenneth,Lopez,1991-09-25,Male,K
461,Deborah,Casey,2006-06-18,Female,N
462,Daniel,Wallace,1986-08-27,Male,J
463,Teresa,Sherman,2001-08-10,Female,M
465,Sydney,Clarke,1991-10-29,Female,K
467,Timothy,Williams,1975-08-23,Male,F
468,Sara,Villa,1957-04-16,Female,B
469,Edwin,Tucker,1950-05-21,Male,A
470,Julie,Santana,1966-12-11,Female,D
472,Holly,Estrada,1973-04-14,Female,F
473,Tammy,Armstrong,1966-10-16,Female,D
474,Brian,Robinson,1987-01-18,Male,J
476,Amanda,Weiss,1988-01-18,Female,J
477,Shannon,Oneal,1975-06-25,Female,F
478,Melinda,Chan,1955-10-17,Female,B
479,Leah,Hale,1992-11-18,Female,K
480,John,Fisher,1966-11-30,Male,D
481,David,Torres,1977-06-21,Male,G
482,Kevin,Wilson,1978-06-29,Male,G
483,Michael,Simmons,2006-09-03,Male,N
484,Rebecca,Knight,1967-04-25,Female,D
486,Lori,Walls,2005-06-29,Female,N
487,Michael,Perry,1985-12-18,Male,J
489,Monica,Ayala,1976-11-06,Female,G
490,Kelly,Navarro,1978-09-24,Female,G
491,Troy,Johnson,1959-09-03,Male,C
493,Lori,Parks,1979-12-28,Female,G
494,Adam,Johnson,1987-05-24,Male,J
495,Briana,Calhoun,1985-03-16,Female,J
496,Lindsay,Rivers,1999-01-19,Female,M
497,Pamela,Sharp,1977-12-14,Female,G
499,Mark,Jones,1982-04-15,Male,H
500,Christopher,Howard,1976-11-07,Male,G
501,Phillip,Johnson,1979-12-19,Male,G
505,Diana,Fuentes,1985-11-10,Female,J
506,Derrick,Jones,1971-10-12,Male,E
507,Julie,Barry,1983-05-04,Female,H
508,Richard,Clark,1975-09-19,Male,F
509,Kenneth,Harris,1968-03-15,Male,E
510,Wendy,Nunez,1963-12-22,Female,D
512,Charles,Martinez,1987-04-29,Male,J
513,William,Smith,1958-03-22,Male,B
514,Anthony,Wood,1978-09-12,Male,G
515,Gary,Johnson,1979-01-21,Male,G
516,Mandy,Jacobs,1988-05-21,Female,J
519,Edward,Rodriguez,1992-04-20,Male,K
520,David,Cooper,1996-03-15,Male,L
521,Patty,Haley,2000-07-03,Female,M
522,Kevin,Anderson,1987-07-17,Male,J
523,Brianna,Levy,1986-05-19,Female,J
524,Shane,Cox,1973-07-06,Male,F
525,Daniel,Kennedy,2001-02-14,Male,M
526,Francisco,Carter,1956-11-13,Male,B
527,Shelly,Giles,1973-09-15,Female,F
529,Jennifer,Fields,1966-12-30,Female,D
532,Michael,Garcia,1993-01-04,Male,K
533,Michelle,Carpenter,1953-01-08,Female,A
534,Matthew,Moore,1956-12-27,Male,B
535,Virginia,Hurst,1964-12-21,Female,D
536,Tammy,Bautista,1974-06-06,Female,F
537,Elizabeth,Brock,1958-06-16,Female,B
539,Mark,Sanchez,1977-03-22,Male,G
540,Cynthia,Fischer,1967-06-22,Female,D
541,Matthew,Carter,1953-04-07,Male,A
542,Steven,Barnes,1978-08-09,Male,G
543,Eric,Williams,1950-05-04,Male,A
544,Jacob,Anderson,1958-09-16,Male,B
545,Jerry,Smith,1995-03-14,Male,L
547,Mason,Jones,1964-11-26,Male,D
548,Anthony,Fisher,2005-05-24,Male,N
549,Paula,Pierce,1964-10-11,Female,D
550,Dominique,Yang,1950-02-10,Female,A
553,Lisa,Walsh,1954-12-29,Female,B
554,Keith,Miller,1963-03-30,Male,D
555,Joseph,Wallace,1967-07-07,Male,D
557,Adrienne,Rush,1978-07-20,Female,G
559,James,Ortiz,1982-07-30,Male,H
560,David,Butler,1978-07-01,Male,G
562,John,Flores,1996-01-11,Male,L
563,Jose,Harris,1970-02-17,Male,E
564,Casey,Carter,1993-07-25,Male,K
565,Jonathan,Ruiz,2002-08-12,Male,M
567,Carolyn,Hogan,2000-08-14,Female,M
568,Alan,Hill,1997-11-23,Male,L
569,Gina,Grant,1994-07-18,Female,L
570,Michelle,Watts,1956-11-18,Female,B
572,Brian,Griffin,2003-06-08,Male,N
573,Andre,Ross,1970-05-25,Male,E
574,Emily,Saunders,2001-10-02,Female,M
575,Marco,Reynolds,1996-05-28,Male,L
576,Thomas,Wright,1999-04-01,Male,M
577,Gary,Chavez,1978-04-28,Male,G
578,Peggy,Giles,1992-11-04,Female,K
579,Cameron,Thomas,1999-05-04,Male,M
580,Martin,Ford,1965-01-27,Male,D
581,Danielle,Walsh,1987-12-22,Female,J
582,Philip,Webb,1958-12-30,Male,C
583,Thomas,Harris,1957-11-21,Male,B
585,Melissa,Hale,1959-04-24,Female,C
587,Samuel,Smith,1985-02-12,Male,H
588,Jason,Evans,1984-01-02,Male,H
589,Lauren,Mack,1975-05-27,Female,F
590,Victoria,Fuller,1981-02-10,Female,H
591,Kristin,Gardner,1978-03-14,Female,G
592,Jesse,Moore,1992-03-26,Male,K
593,Anne,Mccarthy,1975-02-01,Female,F
595,Kelly,Gregory,1967-06-17,Female,D
596,Mercedes,Wolf,1968-07-28,Female,E
597,Matthew,Hall,1985-12-03,Male,J
599,Mark,Ramirez,1951-10-15,Male,A
600,Colin,Riggs,2004-01-28,Non-binary,N
601,Anthony,Martinez,1950-06-13,Male,A
602,Sarah,Stephenson,1980-04-06,Female,G
604,Eric,Scott,1983-05-06,Male,H
605,Kelsey,Fox,1982-02-07,Female,H
606,Kristin,Perkins,1968-12-05,Female,E
607,Michael,Foster,1985-07-07,Male,J
608,Aaron,Garcia,1967-01-23,Male,D
609,Charles,King,1971-03-12,Male,E
610,Brandon,Campbell,1998-11-01,Male,M
611,Nicole,Fischer,1994-10-23,Female,L
614,James,Johnson,1989-01-18,Male,J
615,Maureen,Sparks,1956-07-18,Female,B
616,Joel,Torres,1972-06-01,Male,F
617,Joshua,Morgan,1988-09-15,Male,J
618,Teresa,Moreno,2000-04-26,Female,M
620,Ashley,Mora,1961-08-05,Female,C
621,Brian,Martin,1952-09-28,Male,A
625,Paula,Berry,1985-01-10,Female,H
626,Stacy,Burton,2000-08-30,Female,M
627,Ashley,Schmidt,1980-10-03,Female,G
628,Luis,Jenkins,1964-05-10,Male,D
629,Natalie,Walters,1979-03-22,Female,G
634,Christopher,Watson,2000-12-26,Male,M
635,Deanna,Fuller,1988-12-08,Female,J
636,Ronald,Moore,2004-02-11,Male,N
637,Carol,Terry,1963-09-11,Female,D
639,Laura,Garza,2003-04-07,Female,N
640,Justin,Taylor,1994-06-09,Male,L
641,Alexis,Barnett,1982-06-12,Female,H
642,Bryan,Gomez,1997-05-10,Male,L
643,Eric,Kennedy,1996-03-03,Male,L
645,James,Woods,1992-08-30,Male,K
646,Dawn,Neal,1965-12-13,Female,D
647,James,Flores,1982-12-29,Male,H
648,Julie,Pearson,1968-02-29,Female,E
651,Isabel,Mcgee,1991-07-19,Female,K
652,Jeffery,Williams,1964-09-05,Male,D
653,Renee,Howell,1953-04-03,Female,A
654,Kevin,Johnson,1960-01-12,Male,C
655,Wesley,Ruiz,1983-02-17,Male,H
656,Lindsey,Oneal,2000-05-25,Female,M
657,Douglas,Smith,1966-09-29,Male,D
658,Kayla,Rose,2001-03-02,Female,M
660,Sarah,Camacho,2006-08-09,Female,N
661,Nancy,Parks,1981-10-22,Female,H
662,Shirley,Harmon,1998-04-08,Female,L
665,Don,Williams,1975-04-12,Male,F
666,Carla,Oliver,2001-03-28,Female,M
667,Natasha,Key,1962-03-14,Non-binary,C
668,Stephanie,Marks,1991-08-31,Female,K
669,Erica,Lyons,1976-08-26,Female,G
670,Allison,Acosta,1982-10-02,Female,H
671,John,Perez,1982-10-22,Male,H
672,Rachel,Walton,1999-07-30,Female,M
674,Michael,Garcia,1985-01-09,Male,H
675,Alex,Murray,1960-12-16,Male,C
676,Brian,Rivera,2006-05-16,Male,N
677,Nicholas,Jackson,2006-03-09,Male,N
679,Catherine,Prince,1979-06-16,Female,G
680,Robert,Graham,1984-09-03,Male,H
681,Trevor,West,1990-05-30,Male,K
683,Kristen,Warren,2002-08-22,Female,M
684,Andrew,Anderson,1951-08-04,Male,A
685,Jennifer,Lozano,1965-07-01,Female,D
687,Tiffany,Clarke,1993-10-06,Female,K
689,Alexandra,Roman,1980-10-02,Female,G
690,Keith,Price,1965-09-25,Male,D
691,Barry,Robinson,1950-04-24,Male,A
693,Mary,Bentley,1960-03-12,Female,C
694,Michelle,Willis,1998-01-23,Female,L
695,Michael,Williams,1986-08-10,Male,J
696,Todd,Price,1978-06-01,Male,G
697,Jared,Young,1990-02-26,Male,K
698,Douglas,Miller,1955-11-08,Male,B
700,Alexander,Brown,1986-10-31,Male,J
701,Karen,Little,1951-02-22,Female,A
702,Patrick,Thompson,1981-05-06,Male,H
703,Nancy,Bishop,2006-08-08,Female,N
704,April,Salazar,1973-04-30,Female,F
705,Lisa,Bush,2005-09-09,Female,N
707,Sean,Mitchell,1967-11-16,Male,E
709,Jason,Gomez,1952-02-01,Male,A
711,Meredith,Welch,1988-04-27,Female,J
712,Amy,Black,1961-06-19,Female,C
713,Amanda,Huber,1969-04-25,Female,E
714,Hannah,Blevins,1994-05-14,Female,L
715,Maria,Spears,1970-10-25,Female,E
717,Maria,Carpenter,1966-05-30,Female,D
718,Pam,Henry,1978-09-16,Female,G
719,Patricia,Padilla,1987-11-20,Female,J
720,Douglas,Lewis,1975-05-26,Male,F
722,Juan,Williams,1969-09-22,Male,E
723,Mark,Martin,1956-08-26,Male,B
724,Mark,Smith,1961-07-27,Male,C
725,Megan,Pena,1996-11-11,Female,L
726,Christian,Taylor,1992-02-16,Male,K
727,Megan,Buchanan,1954-09-25,Female,B
729,Tracy,Arellano,1985-11-02,Female,J
730,Miguel,Sanders,1973-11-17,Male,F
731,Valerie,Morse,2004-07-03,Female,N
732,William,Chavez,1951-10-26,Male,A
733,Roy,Morgan,1982-06-17,Male,H
734,Kevin,Garcia,1999-08-31,Male,M
738,Jason,Bryant,1958-11-21,Male,C
739,Thomas,Nguyen,1982-02-15,Male,H
740,Matthew,Johnson,1952-05-17,Male,A
741,Christopher,Williams,1970-05-01,Male,E
742,Andrew,Wood,1978-09-23,Male,G
743,Jeffrey,Clark,1975-09-14,Male,F
744,Jessica,Warren,1977-12-08,Female,G
746,Darrell,Harris,1964-03-02,Male,D
748,Jamie,Fitzgerald,1990-07-05,Female,K
749,Mario,Collins,1975-04-28,Male,F
750,Brittney,Heath,1991-04-13,Female,K
751,Roberto,Scott,1962-01-25,Male,C
752,Jonathan,Cooper,1987-01-13,Male,J
753,Andrea,Marquez,1951-08-23,Female,A
755,Terri,Villa,1974-10-14,Female,F
756,Andrew,Jones,1975-09-20,Male,F
758,Cassidy,Hardy,1995-11-09,Female,L
759,Matthew,Williams,1981-03-21,Male,H
761,Tamara,Werner,1955-01-22,Female,B
762,Jeffrey,Stevens,1992-08-23,Male,K
763,Jeffrey,Wilson,1988-12-03,Male,J
765,Jeremiah,Garcia,1993-10-26,Male,K
766,Tina,Cannon,1986-04-10,Female,J
767,Andrew,Gutierrez,1988-11-20,Male,J
769,Steven,Alexander,1975-12-18,Male,F
770,Brian,Jones,1991-09-11,Male,K
771,Bruce,Simmons,2002-11-17,Male,N
773,Diane,Calderon,2001-11-07,Female,M
775,Eric,White,1979-10-30,Male,G
776,Amanda,Burns,1995-07-04,Female,L
777,Robert,Anderson,2005-09-17,Male,N
778,Evelyn,Pitts,1976-01-17,Female,F
779,Julia,Michael,1970-02-14,Female,E
781,Matthew,Graham,1976-01-20,Male,F
784,Taylor,Weaver,1966-02-25,Female,D
787,Daniel,Ramos,1970-09-10,Male,E
788,Sherri,Jacobs,1999-09-01,Female,M
790,Andrew,Green,1956-03-23,Male,B
792,Jacob,Wilson,1973-01-18,Male,F
793,Elizabeth,Logan,2002-10-20,Female,N
795,Amanda,Quinn,1952-08-16,Female,A
796,Andrew,Wright,1995-09-22,Male,L
797,Shaun,Mitchell,1971-11-10,Male,E
798,Shawna,Fitzgerald,1958-07-28,Female,B
799,Julie,Keller,2003-03-19,Female,N
801,Brenda,Robertson,1988-04-29,Female,J
802,Theresa,Trevino,1975-11-21,Female,F
803,Justin,Martinez,1983-07-28,Male,H
804,Rebecca,Brewer,1980-12-28,Female,H
805,Billy,Wilson,1989-10-04,Male,K
806,Ana,Mclaughlin,1980-08-02,Female,G
807,Richard,Howard,1956-01-04,Male,B
810,Taylor,Guerrero,1963-01-07,Female,C
811,Jeffrey,Walker,1968-01-07,Male,E
812,Ashley,Decker,1982-08-30,Female,H
813,Mitchell,Allen,2002-03-25,Male,M
814,Jill,Holmes,1952-05-05,Female,A
816,Stephen,Hall,1997-09-21,Male,L
817,Kimberly,Fuller,1970-02-17,Female,E
819,Jaime,Jackson,1999-06-05,Male,M
820,Sarah,Pacheco,1973-09-09,Female,F
821,Kayla,Tran,1990-12-14,Female,K
823,Katie,Richards,1953-08-15,Female,A
824,Andrew,Johnson,2002-12-16,Male,N
826,David,Foster,2001-10-01,Male,M
827,Monica,Daugherty,1960-06-19,Female,C
828,Wendy,Dixon,1994-08-21,Female,L
830,Kelsey,Hubbard,1981-04-16,Female,H
831,Erica,Harrington,1993-07-15,Female,K
832,Melissa,Hampton,1968-12-12,Female,E
833,Kimberly,Hudson,1973-05-18,Female,F
835,David,Lewis,1986-08-04,Male,J
836,Melissa,Oconnor,1983-07-20,Female,H
837,Brittany,Cabrera,1959-03-09,Female,C
838,Jennifer,Wolf,1977-12-28,Female,G
839,Richard,Gomez,1988-12-03,Male,J
840,Helen,Garza,1967-04-09,Female,D
842,Heather,Lester,1978-09-06,Female,G
843,James,Rodriguez,1967-10-30,Male,E
844,Aimee,Flowers,1973-01-17,Female,F
848,Matthew,Smith,1951-02-19,Male,A
849,Chad,Robinson,2006-05-09,Male,N
850,Audrey,Delgado,1989-04-12,Female,J
851,Katherine,Guerrero,1959-04-24,Female,C
852,Karen,Simpson,1968-06-05,Female,E
853,Beth,Ashley,1971-01-21,Female,E
854,Vincent,Castillo,1980-03-19,Male,G
855,Robert,Edwards,1985-03-09,Male,J
857,Christopher,Green,1954-05-13,Male,A
858,Mary,Munoz,2003-01-04,Female,N
860,Erica,Underwood,1976-09-16,Female,G
861,Victoria,Floyd,1968-08-18,Female,E
862,Brandon,Cruz,1966-07-18,Male,D
863,Ricky,Brown,1972-06-27,Male,F
864,Charles,Johnson,1960-11-10,Male,C
865,Danielle,Barber,1991-03-28,Female,K
866,Chelsey,Nixon,1968-09-19,Female,E
867,Brian,Cooper,1952-01-15,Male,A
868,Michael,Alexander,1967-05-23,Male,D
870,Rebecca,Barrett,1981-03-14,Female,H
873,Raymond,Torres,1968-03-10,Male,E
874,William,Kelly,1991-11-10,Male,K
876,Amanda,Oconnor,1993-06-17,Female,K
877,Gary,Hernandez,1962-07-23,Male,C
878,James,Johnson,1968-07-14,Male,E
880,Jason,Johnson,1972-05-18,Male,F
883,Tamara,Valdez,2005-06-18,Female,N
884,Anthony,Jones,2003-12-19,Male,N
887,Zachary,Henderson,1954-08-30,Male,B
888,Mariah,Stafford,1962-07-18,Female,C
889,Adam,Robinson,1987-10-15,Male,J
890,Michael,Graham,1965-11-19,Male,D
891,Darrell,Howard,1989-11-09,Male,K
892,William,Thompson,1986-11-12,Male,J
893,Timothy,Murphy,1959-06-24,Male,C
894,Michelle,Hatfield,1956-06-04,Non-binary,B
895,Michelle,Burgess,1950-11-15,Female,A
897,Timothy,Ortiz,1956-02-10,Male,B
900,Carolyn,Fitzgerald,2005-09-28,Female,N
901,Christina,Parks,1983-09-01,Female,H
902,Keith,Ford,1970-08-13,Male,E
903,Kevin,Williams,1980-10-30,Male,H
904,Jennifer,Dorsey,1975-10-24,Female,F
905,Robert,Ortiz,1979-08-16,Male,G
906,Michael,Myers,2004-04-13,Male,N
908,Alvin,Taylor,1961-10-15,Male,C
909,Lisa,Melton,1968-02-21,Female,E
910,Erin,Palmer,1965-09-09,Female,D
911,Stacy,Oconnor,1953-05-23,Female,A
913,Joshua,Rivera,1988-03-20,Male,J
914,Christina,Larsen,1955-01-05,Female,B
915,Tracy,Hoover,1983-05-11,Female,H
916,Marvin,Wright,1983-09-07,Male,H
919,Jesse,Jackson,1960-01-20,Male,C
920,Kimberly,French,1996-11-09,Female,L
921,Joanna,Sutton,1988-02-06,Female,J
922,Manuel,Jackson,1951-01-04,Male,A
923,George,Miller,1961-01-16,Male,C
924,Samantha,Pennington,1999-11-06,Female,M
925,Holly,Harper,1977-06-08,Female,G
927,Alan,Ellis,1987-07-04,Male,J
928,Jack,Hernandez,2001-06-13,Male,M
929,Karen,Guzman,1959-12-28,Female,C
930,Steven,King,1985-11-02,Male,J
931,Miranda,Shaffer,2004-11-15,Female,N
933,Mark,Johnson,1964-12-02,Male,D
934,Stephanie,Randolph,1979-09-02,Female,G
935,Nathaniel,Johnson,1985-05-25,Male,J
936,Mark,Davis,1982-12-02,Male,H
937,Thomas,Carter,1985-07-16,Male,J
938,Phillip,Hernandez,1972-02-13,Male,F
941,Chelsea,Moss,1976-02-02,Female,F
942,Paul,Sullivan,1997-09-05,Male,L
943,Jason,Nelson,1978-06-17,Male,G
944,Jenna,Vasquez,1993-04-06,Female,K
945,Christian,Long,2001-12-28,Male,M
946,Jeffrey,Collins,1987-06-28,Male,J
947,Yvonne,Lester,2000-06-04,Female,M
948,Samantha,Pierce,2006-08-06,Female,N
950,Maria,Mejia,1964-02-11,Female,D
951,Cindy,Duncan,1966-03-05,Female,D
952,Arthur,Baker,1988-06-13,Male,J
953,Tasha,Mcdaniel,1988-02-05,Female,J
955,April,Griffith,1988-09-03,Female,J
958,Brett,Smith,1987-11-06,Male,J
960,Christopher,Johnson,1985-07-27,Male,J
961,Dawn,Becker,1975-07-18,Female,F
962,Stephanie,Perkins,1982-05-26,Female,H
963,Jennifer,Parsons,1984-02-07,Female,H
964,Joshua,Roberts,1998-08-17,Male,M
965,Jessica,Parks,1953-11-24,Female,A
966,John,Clark,2004-07-13,Male,N
968,Ethan,Peterson,1984-04-18,Male,H
969,Dawn,Good,1955-02-21,Female,B
970,Dominique,Bonilla,1965-01-16,Female,D
971,Lawrence,Clark,1957-09-18,Male,B
972,Allison,Knight,1969-02-28,Female,E
974,Kayla,Schmitt,1950-01-29,Female,A
977,Monica,Cortez,1963-10-30,Female,D
978,Pam,Maldonado,1962-12-23,Female,C
980,Traci,Hendricks,1976-12-09,Female,G
982,Bradley,Rivera,1950-09-04,Male,A
984,Micheal,Smith,1951-03-27,Male,A
985,Allison,Velasquez,1995-06-01,Female,L
988,Travis,Cox,1973-03-15,Male,F
990,John,Morris,1979-05-19,Male,G
991,Jill,Patton,1987-05-12,Female,J
992,Natasha,Burke,1977-02-26,Female,G
993,Jade,Archer,1976-07-07,Non-binary,G
994,John,Smith,1993-07-05,Male,K
996,Kevin,Williams,2002-04-15,Male,M
998,Heather,Noble,1951-01-25,Female,A
999,Elizabeth,Fry,1989-09-29,Female,K
1000,Austin,Castillo,1976-05-15,Male,F
